Workbook

Sheet Sheet1
A1: MovieID | B1: Title | C1: Genre | D1: Duration_Minutes | E1: Rating | F1: Language | G1: ReleasedYear | H1: Available | I1: LastWatchedDate
A2: M1000 | B2: Movie_0 | C2: Horror | D2: 87 | E2: 8.5 | F2: Japanese | G2: 1995 | H2: Yes | I2: 44369
A3: M1001 | B3: Movie_1 | C3: Action | D3: 157 | E3: 9.8 | F3: Hindi | G3: 2023 | H3: No | I3: 44544
A4: M1002 | B4: Movie_2 | C4: Action | D4: 69 | E4: 3.2 | F4: Spanish | G4: 2005 | H4: No | I4: 45503
A5: M1003 | B5: Movie_3 | C5: Horror | D5: 180 | E5: 6 | F5: French | G5: 1999 | H5: Yes | I5: 44009
A6: M1004 | B6: Movie_4 | C6: Drama | D6: 116 | E6: 4.5 | F6: English | G6: 2009 | H6: No | I6: 44730
A7: M1005 | B7: Movie_5 | C7: Comedy | D7: 111 | E7: 9.3 | F7: Hindi | G7: 1984 | H7: Yes | I7: 44071
A8: M1006 | B8: Movie_6 | C8: Comedy | D8: 177 | E8: 5.6 | F8: Japanese | G8: 2024 | H8: Yes | I8: 45419
A9: M1007 | B9: Movie_7 | C9: Comedy | D9: 149 | E9: 8.9 | F9: Spanish | G9: 1983 | H9: Yes | I9: 45493
A10: M1008 | B10: Movie_8 | C10: Horror | D10: 138 | E10: 8.8 | F10: French | G10: 1990 | H10: No | I10: 44316
A11: M1009 | B11: Movie_9 | C11: Action | D11: 118 | E11: 3.5 | F11: French | G11: 2008 | H11: Yes | I11: 44260
A12: M1010 | B12: Movie_10 | C12: Horror | D12: 117 | E12: 8.1 | F12: Japanese | G12: 2006 | H12: Yes | I12: 45491
A13: M1011 | B13: Movie_11 | C13: Horror | D13: 66 | E13: 4.7 | F13: Japanese | G13: 2010 | H13: Yes | I13: 45341
... A501: M1499 | B501: Movie_499 | C501: Horror | D501: 166 | E501: 7.5 | F501: German | G501: 1994 | H501: No | I501: 44690

Sheet Sheet3
A1: Q.NO | B1: ANSWERS | C1: Column1 | E1: 7Q | F1: 8Q | G1: 9Q | H1: 10Q | I1: 11Q | J1: 12Q | K1: 14Q | L1: 16Q | M1: Column2 | N1: 15Q
A2: 1Q | B2: =SUM(Sheet1!D2:D501) -> 66452 | E2: =IF(Sheet1!D2>120,"Long","Short") -> Short | F2: =_xlfn.CONCAT(Sheet1!A2," -",Sheet1!B2) -> M1000 -Movie_0 | G2: =LEFT(Sheet1!F2,3) -> Jap | H2: =RIGHT(Sheet1!G2,2) -> 95 | I2: =LEN(Sheet1!B2) -> 7 | J2: =TRIM(Sheet1!C2) -> Horror | K2: =VLOOKUP(Sheet1!A2,Sheet1!A2:I501,3,0) -> Horror | L2: =VLOOKUP(Sheet1!B2,Sheet1!B2:I501,3,0) -> 87
A3: 2Q | B3: =AVERAGE(Sheet1!E2:E501) -> 5.5434 | E3: =IF(Sheet1!D3>120,"Long","Short") -> Long | F3: =_xlfn.CONCAT(Sheet1!A3," -",Sheet1!B3) -> M1001 -Movie_1 | G3: =LEFT(Sheet1!F3,3) -> Hin | H3: =RIGHT(Sheet1!G3,2) -> 23 | I3: =LEN(Sheet1!B3) -> 7 | J3: =TRIM(Sheet1!C3) -> Action | K3: =VLOOKUP(Sheet1!A3,Sheet1!A3:I502,3,0) -> Action | L3: =VLOOKUP(Sheet1!B3,Sheet1!B3:I502,3,0) -> 157
A4: 3Q | B4: =MAX(Sheet1!D2:D501) -> 200 | C4: Longest Movie | E4: =IF(Sheet1!D4>120,"Long","Short") -> Short | F4: =_xlfn.CONCAT(Sheet1!A4," -",Sheet1!B4) -> M1002 -Movie_2 | G4: =LEFT(Sheet1!F4,3) -> Spa | H4: =RIGHT(Sheet1!G4,2) -> 05 | I4: =LEN(Sheet1!B4) -> 7 | J4: =TRIM(Sheet1!C4) -> Action | K4: =VLOOKUP(Sheet1!A4,Sheet1!A4:I503,3,0) -> Action | L4: =VLOOKUP(Sheet1!B4,Sheet1!B4:I503,3,0) -> 69
B5: =MIN(Sheet1!D2:D501) -> 60 | C5: Shortest | E5: =IF(Sheet1!D5>120,"Long","Short") -> Long | F5: =_xlfn.CONCAT(Sheet1!A5," -",Sheet1!B5) -> M1003 -Movie_3 | G5: =LEFT(Sheet1!F5,3) -> Fre | H5: =RIGHT(Sheet1!G5,2) -> 99 | I5: =LEN(Sheet1!B5) -> 7 | J5: =TRIM(Sheet1!C5) -> Horror | K5: =VLOOKUP(Sheet1!A5,Sheet1!A5:I504,3,0) -> Horror | L5: =VLOOKUP(Sheet1!B5,Sheet1!B5:I504,3,0) -> 180
A6: 4Q | B6: =COUNT(Sheet1!D2:D501) -> 500 | E6: =IF(Sheet1!D6>120,"Long","Short") -> Short | F6: =_xlfn.CONCAT(Sheet1!A6," -",Sheet1!B6) -> M1004 -Movie_4 | G6: =LEFT(Sheet1!F6,3) -> Eng | H6: =RIGHT(Sheet1!G6,2) -> 09 | I6: =LEN(Sheet1!B6) -> 7 | J6: =TRIM(Sheet1!C6) -> Drama | K6: =VLOOKUP(Sheet1!A6,Sheet1!A6:I505,3,0) -> Drama | L6: =VLOOKUP(Sheet1!B6,Sheet1!B6:I505,3,0) -> 116
A7: 5Q | B7: =ROUND(Sheet1!E2,0) -> 9 | E7: =IF(Sheet1!D7>120,"Long","Short") -> Short | F7: =_xlfn.CONCAT(Sheet1!A7," -",Sheet1!B7) -> M1005 -Movie_5 | G7: =LEFT(Sheet1!F7,3) -> Hin | H7: =RIGHT(Sheet1!G7,2) -> 84 | I7: =LEN(Sheet1!B7) -> 7 | J7: =TRIM(Sheet1!C7) -> Comedy | K7: =VLOOKUP(Sheet1!A7,Sheet1!A7:I506,3,0) -> Comedy | L7: =VLOOKUP(Sheet1!B7,Sheet1!B7:I506,3,0) -> 111
A8: 6Q | B8: =ROUNDUP(Sheet1!D2,1) -> 87 | C8: Roundup | E8: =IF(Sheet1!D8>120,"Long","Short") -> Long | F8: =_xlfn.CONCAT(Sheet1!A8," -",Sheet1!B8) -> M1006 -Movie_6 | G8: =LEFT(Sheet1!F8,3) -> Jap | H8: =RIGHT(Sheet1!G8,2) -> 24 | I8: =LEN(Sheet1!B8) -> 7 | J8: =TRIM(Sheet1!C8) -> Comedy | K8: =VLOOKUP(Sheet1!A8,Sheet1!A8:I507,3,0) -> Comedy | L8: =VLOOKUP(Sheet1!B8,Sheet1!B8:I507,3,0) -> 177
B9: =ROUNDDOWN(Sheet1!D2,0) -> 87 | C9: Round down | E9: =IF(Sheet1!D9>120,"Long","Short") -> Long | F9: =_xlfn.CONCAT(Sheet1!A9," -",Sheet1!B9) -> M1007 -Movie_7 | G9: =LEFT(Sheet1!F9,3) -> Spa | H9: =RIGHT(Sheet1!G9,2) -> 83 | I9: =LEN(Sheet1!B9) -> 7 | J9: =TRIM(Sheet1!C9) -> Comedy | K9: =VLOOKUP(Sheet1!A9,Sheet1!A9:I508,3,0) -> Comedy | L9: =VLOOKUP(Sheet1!B9,Sheet1!B9:I508,3,0) -> 149
A10: 13Q | B10: =NOW() -> 46247.601 | E10: =IF(Sheet1!D10>120,"Long","Short") -> Long | F10: =_xlfn.CONCAT(Sheet1!A10," -",Sheet1!B10) -> M1008 -Movie_8 | G10: =LEFT(Sheet1!F10,3) -> Fre | H10: =RIGHT(Sheet1!G10,2) -> 90 | I10: =LEN(Sheet1!B10) -> 7 | J10: =TRIM(Sheet1!C10) -> Horror | K10: =VLOOKUP(Sheet1!A10,Sheet1!A10:I509,3,0) -> Horror | L10: =VLOOKUP(Sheet1!B10,Sheet1!B10:I509,3,0) -> 138
A11: 16Q | B11: =VLOOKUP(Sheet1!B27,Sheet1!B2:I501,3,0) -> 126 | E11: =IF(Sheet1!D11>120,"Long","Short") -> Short | F11: =_xlfn.CONCAT(Sheet1!A11," -",Sheet1!B11) -> M1009 -Movie_9 | G11: =LEFT(Sheet1!F11,3) -> Fre | H11: =RIGHT(Sheet1!G11,2) -> 08 | I11: =LEN(Sheet1!B11) -> 7 | J11: =TRIM(Sheet1!C11) -> Action | K11: =VLOOKUP(Sheet1!A11,Sheet1!A11:I510,3,0) -> Action | L11: =VLOOKUP(Sheet1!B11,Sheet1!B11:I510,3,0) -> 118
A12: 15Q | B12: =INDEX(Sheet1!E2:E487,MATCH("M1025",Sheet1!A2:A501,0)) -> 5.1 | E12: =IF(Sheet1!D12>120,"Long","Short") -> Short | F12: =_xlfn.CONCAT(Sheet1!A12," -",Sheet1!B12) -> M1010 -Movie_10 | G12: =LEFT(Sheet1!F12,3) -> Jap | H12: =RIGHT(Sheet1!G12,2) -> 06 | I12: =LEN(Sheet1!B12) -> 8 | J12: =TRIM(Sheet1!C12) -> Horror | K12: =VLOOKUP(Sheet1!A12,Sheet1!A12:I511,3,0) -> Horror | L12: =VLOOKUP(Sheet1!B12,Sheet1!B12:I511,3,0) -> 117
E13: =IF(Sheet1!D13>120,"Long","Short") -> Short | F13: =_xlfn.CONCAT(Sheet1!A13," -",Sheet1!B13) -> M1011 -Movie_11 | G13: =LEFT(Sheet1!F13,3) -> Jap | H13: =RIGHT(Sheet1!G13,2) -> 10 | I13: =LEN(Sheet1!B13) -> 8 | J13: =TRIM(Sheet1!C13) -> Horror | K13: =VLOOKUP(Sheet1!A13,Sheet1!A13:I512,3,0) -> Horror | L13: =VLOOKUP(Sheet1!B13,Sheet1!B13:I512,3,0) -> 66
E14: =IF(Sheet1!D14>120,"Long","Short") -> Short | F14: =_xlfn.CONCAT(Sheet1!A14," -",Sheet1!B14) -> M1012 -Movie_12 | G14: =LEFT(Sheet1!F14,3) -> Jap | H14: =RIGHT(Sheet1!G14,2) -> 09 | I14: =LEN(Sheet1!B14) -> 8 | J14: =TRIM(Sheet1!C14) -> Sci-Fi | K14: =VLOOKUP(Sheet1!A14,Sheet1!A14:I513,3,0) -> Sci-Fi | L14: =VLOOKUP(Sheet1!B14,Sheet1!B14:I513,3,0) -> 109
E15: =IF(Sheet1!D15>120,"Long","Short") -> Long | F15: =_xlfn.CONCAT(Sheet1!A15," -",Sheet1!B15) -> M1013 -Movie_13 | G15: =LEFT(Sheet1!F15,3) -> Ger | H15: =RIGHT(Sheet1!G15,2) -> 93 | I15: =LEN(Sheet1!B15) -> 8 | J15: =TRIM(Sheet1!C15) -> Action | K15: =VLOOKUP(Sheet1!A15,Sheet1!A15:I514,3,0) -> Action | L15: =VLOOKUP(Sheet1!B15,Sheet1!B15:I514,3,0) -> 162
E16: =IF(Sheet1!D16>120,"Long","Short") -> Long | F16: =_xlfn.CONCAT(Sheet1!A16," -",Sheet1!B16) -> M1014 -Movie_14 | G16: =LEFT(Sheet1!F16,3) -> Spa | H16: =RIGHT(Sheet1!G16,2) -> 01 | I16: =LEN(Sheet1!B16) -> 8 | J16: =TRIM(Sheet1!C16) -> Sci-Fi | K16: =VLOOKUP(Sheet1!A16,Sheet1!A16:I515,3,0) -> Sci-Fi | L16: =VLOOKUP(Sheet1!B16,Sheet1!B16:I515,3,0) -> 144
E17: =IF(Sheet1!D17>120,"Long","Short") -> Long | F17: =_xlfn.CONCAT(Sheet1!A17," -",Sheet1!B17) -> M1015 -Movie_15 | G17: =LEFT(Sheet1!F17,3) -> Hin | H17: =RIGHT(Sheet1!G17,2) -> 18 | I17: =LEN(Sheet1!B17) -> 8 | J17: =TRIM(Sheet1!C17) -> Thriller | K17: =VLOOKUP(Sheet1!A17,Sheet1!A17:I516,3,0) -> Thriller | L17: =VLOOKUP(Sheet1!B17,Sheet1!B17:I516,3,0) -> 131
E18: =IF(Sheet1!D18>120,"Long","Short") -> Short | F18: =_xlfn.CONCAT(Sheet1!A18," -",Sheet1!B18) -> M1016 -Movie_16 | G18: =LEFT(Sheet1!F18,3) -> Jap | H18: =RIGHT(Sheet1!G18,2) -> 89 | I18: =LEN(Sheet1!B18) -> 8 | J18: =TRIM(Sheet1!C18) -> Action | K18: =VLOOKUP(Sheet1!A18,Sheet1!A18:I517,3,0) -> Action | L18: =VLOOKUP(Sheet1!B18,Sheet1!B18:I517,3,0) -> 77
E19: =IF(Sheet1!D19>120,"Long","Short") -> Long | F19: =_xlfn.CONCAT(Sheet1!A19," -",Sheet1!B19) -> M1017 -Movie_17 | G19: =LEFT(Sheet1!F19,3) -> Eng | H19: =RIGHT(Sheet1!G19,2) -> 00 | I19: =LEN(Sheet1!B19) -> 8 | J19: =TRIM(Sheet1!C19) -> Action | K19: =VLOOKUP(Sheet1!A19,Sheet1!A19:I518,3,0) -> Action | L19: =VLOOKUP(Sheet1!B19,Sheet1!B19:I518,3,0) -> 131
E20: =IF(Sheet1!D20>120,"Long","Short") -> Long | F20: =_xlfn.CONCAT(Sheet1!A20," -",Sheet1!B20) -> M1018 -Movie_18 | G20: =LEFT(Sheet1!F20,3) -> Fre | H20: =RIGHT(Sheet1!G20,2) -> 25 | I20: =LEN(Sheet1!B20) -> 8 | J20: =TRIM(Sheet1!C20) -> Action | K20: =VLOOKUP(Sheet1!A20,Sheet1!A20:I519,3,0) -> Action | L20: =VLOOKUP(Sheet1!B20,Sheet1!B20:I519,3,0) -> 149
E21: =IF(Sheet1!D21>120,"Long","Short") -> Long | F21: =_xlfn.CONCAT(Sheet1!A21," -",Sheet1!B21) -> M1019 -Movie_19 | G21: =LEFT(Sheet1!F21,3) -> Hin | H21: =RIGHT(Sheet1!G21,2) -> 00 | I21: =LEN(Sheet1!B21) -> 8 | J21: =TRIM(Sheet1!C21) -> Comedy | K21: =VLOOKUP(Sheet1!A21,Sheet1!A21:I520,3,0) -> Comedy | L21: =VLOOKUP(Sheet1!B21,Sheet1!B21:I520,3,0) -> 190
E22: =IF(Sheet1!D22>120,"Long","Short") -> Long | F22: =_xlfn.CONCAT(Sheet1!A22," -",Sheet1!B22) -> M1020 -Movie_20 | G22: =LEFT(Sheet1!F22,3) -> Ger | H22: =RIGHT(Sheet1!G22,2) -> 02 | I22: =LEN(Sheet1!B22) -> 8 | J22: =TRIM(Sheet1!C22) -> Comedy | K22: =VLOOKUP(Sheet1!A22,Sheet1!A22:I521,3,0) -> Comedy | L22: =VLOOKUP(Sheet1!B22,Sheet1!B22:I521,3,0) -> 162
E23: =IF(Sheet1!D23>120,"Long","Short") -> Long | F23: =_xlfn.CONCAT(Sheet1!A23," -",Sheet1!B23) -> M1021 -Movie_21 | G23: =LEFT(Sheet1!F23,3) -> Jap | H23: =RIGHT(Sheet1!G23,2) -> 05 | I23: =LEN(Sheet1!B23) -> 8 | J23: =TRIM(Sheet1!C23) -> Sci-Fi | K23: =VLOOKUP(Sheet1!A23,Sheet1!A23:I522,3,0) -> Sci-Fi | L23: =VLOOKUP(Sheet1!B23,Sheet1!B23:I522,3,0) -> 197
E24: =IF(Sheet1!D24>120,"Long","Short") -> Long | F24: =_xlfn.CONCAT(Sheet1!A24," -",Sheet1!B24) -> M1022 -Movie_22 | G24: =LEFT(Sheet1!F24,3) -> Fre | H24: =RIGHT(Sheet1!G24,2) -> 88 | I24: =LEN(Sheet1!B24) -> 8 | J24: =TRIM(Sheet1!C24) -> Sci-Fi | K24: =VLOOKUP(Sheet1!A24,Sheet1!A24:I523,3,0) -> Sci-Fi | L24: =VLOOKUP(Sheet1!B24,Sheet1!B24:I523,3,0) -> 144
... E502: =IF(Sheet1!D502>120,"Long","Short") -> Short | F502: =_xlfn.CONCAT(Sheet1!A502," -",Sheet1!B502) -> - | G502: =LEFT(Sheet1!F502,3) | H502: =RIGHT(Sheet1!G502,2) | I502: =LEN(Sheet1!B502) -> 0 | J502: =TRIM(Sheet1!C502) | K502: =VLOOKUP(Sheet1!A502,Sheet1!A502:I1001,3,0) -> #N/A | L502: =VLOOKUP(Sheet1!B502,Sheet1!B502:I1001,3,0) -> #N/A
